INSERT INTO nationality(
	id, nationality)
	VALUES (1,'Afghan'),
(2,'Albanian'),
(3,'Algerian'),
(4,''),
(5,'Andorran'),
(6,'Angolan'),
(7,''),
(8,''),
(9,'Antiguans, Barbudans'),
(10,'Argentinean'),
(11,'Armenian'),
(12,''),
(13,'Australian'),
(14,'Austrian'),
(15,'Azerbaijani'),
(16,'Bahamian'),
(17,'Bahraini'),
(18,'Bangladeshi'),
(19,'Barbadian'),
(20,'Belarusian'),
(21,'Belgian'),
(22,'Belizean'),
(23,'Beninese'),
(24,''),
(25,'Bhutanese'),
(26,'Bolivian'),
(27,'Bosnian, Herzegovinian'),
(28,'Motswana (singular), Batswana (plural)'),
(29,''),
(30,'Brazilian'),
(31,''),
(32,'Bruneian'),
(33,'Bulgarian'),
(34,'Burkinabe'),
(35,'Burundian'),
(36,'Cambodian'),
(37,'Cameroonian'),
(38,'Canadian'),
(39,'Cape Verdian'),
(40,''),
(41,'Central African'),
(42,'Chadian'),
(43,'Chilean'),
(44,'Chinese'),
(45,''),
(46,''),
(47,'Colombian'),
(48,'Comoran'),
(49,'Congolese'),
(50,'Congolese'),
(51,''),
(52,'Costa Rican'),
(53,'Ivorian'),
(54,'Croatian'),
(55,'Cuban'),
(56,'Cypriot'),
(57,'Czech'),
(58,'Danish'),
(59,'Djibouti'),
(60,'Dominican'),
(61,'Dominican'),
(62,'Ecuadorean'),
(63,'Egyptian'),
(64,'Salvadoran'),
(65,'Equatorial Guinean'),
(66,'Eritrean'),
(67,'Estonian'),
(68,'Ethiopian'),
(69,''),
(70,''),
(71,'Fijian'),
(72,'Finnish'),
(73,'French'),
(74,''),
(75,''),
(76,''),
(77,'Gabonese'),
(78,'Gambian'),
(79,'Georgian'),
(80,'German'),
(81,'Ghanaian'),
(82,''),
(83,'Greek'),
(84,''),
(85,'Grenadian'),
(86,''),
(87,''),
(88,'Guatemalan'),
(89,'Guinean'),
(90,'Guinea-Bissauan'),
(91,'Guyanese'),
(92,'Haitian'),
(93,''),
(94,''),
(95,'Honduran'),
(96,''),
(97,'Hungarian'),
(98,'Icelander'),
(100,'Indonesian'),
(101,'Iranian'),
(102,'Iraqi'),
(103,'Irish'),
(104,'Israeli'),
(105,'Italian'),
(106,'Jamaican'),
(107,'Japanese'),
(108,'Jordanian'),
(109,'Kazakhstani'),
(110,'Kenyan'),
(111,'I-Kiribati'),
(112,'Korean'),
(113,''),
(114,'Kuwaiti'),
(115,'Kirghiz'),
(116,'Laotian'),
(117,'Latvian'),
(118,'Lebanese'),
(119,'Mosotho'),
(120,'Liberian'),
(121,'Libyan'),
(122,'Liechtensteiner'),
(123,'Lithuanian'),
(124,'Luxembourger'),
(125,''),
(126,'Macedonian'),
(127,'Malagasy'),
(128,'Malawian'),
(129,'Malaysian'),
(130,'Maldivan'),
(131,'Malian'),
(132,'Maltese'),
(133,'Marshallese'),
(134,''),
(135,'Mauritanian'),
(136,'Mauritian'),
(137,''),
(138,'Mexican'),
(139,'Micronesian'),
(140,'Moldovan'),
(141,'Monegasque'),
(142,'Mongolian'),
(143,''),
(144,'Moroccan'),
(145,'Mozambican'),
(146,'Burmese'),
(147,'Namibian'),
(148,'Nauruan'),
(149,'Nepalese'),
(150,'Dutch'),
(151,''),
(152,''),
(153,'New Zealander'),
(154,'Nicaraguan'),
(155,'Nigerien'),
(156,'Nigerian'),
(157,''),
(158,''),
(159,''),
(160,'Norwegian'),
(161,'Omani'),
(162,'Pakistani'),
(163,'Palauan'),
(164,''),
(165,'Panamanian'),
(166,'Papua New Guinean'),
(167,'Paraguayan'),
(168,'Peruvian'),
(169,'Filipino'),
(170,''),
(171,'Polish'),
(172,'Portuguese'),
(173,''),
(174,'Qatari'),
(175,''),
(176,'Romanian'),
(177,'Russian'),
(178,'Rwandan'),
(179,''),
(180,'Kittian and Nevisian'),
(181,'Saint Lucian'),
(182,''),
(183,''),
(184,'Samoan'),
(185,'Sammarinese'),
(186,'Sao Tomean'),
(187,'Saudi Arabian'),
(188,'Senegalese'),
(189,'Serbian'),
(190,'Seychellois'),
(191,'Sierra Leonean'),
(193,'Slovak'),
(194,'Slovene'),
(195,'Solomon Islander'),
(196,'Somali'),
(197,'South African'),
(198,''),
(199,'Spanish'),
(200,'Sri Lankan'),
(201,'Sudanese'),
(202,'Surinamer'),
(203,''),
(204,'Swazi'),
(205,'Swedish'),
(206,'Swiss'),
(207,'Syrian'),
(208,'Taiwanese'),
(209,'Tadzhik'),
(210,'Tanzanian'),
(211,'Thai'),
(212,''),
(213,'Togolese'),
(214,''),
(215,'Tongan'),
(216,'Trinidadian'),
(217,'Tunisian'),
(218,'Turkish'),
(219,'Turkmen'),
(220,''),
(221,'Tuvaluan'),
(222,'Ugandan'),
(223,'Ukrainian'),
(224,'Emirian'),
(225,'British'),
(226,'American'),
(227,''),
(228,'Uruguayan'),
(229,'Uzbekistani'),
(230,'Ni-Vanuatu'),
(231,'Venezuelan'),
(232,''),
(233,''),
(234,''),
(235,''),
(236,'Vietnamese'),
(237,'Yemeni'),
(238,'Zambian'),
(239,'Zimbabwean'),
(99,'Indian'),
(192,'Singaporean');


INSERT INTO country (id, short_code, country_name, country_nice_name, short_code_three_char,num_code, phone_code,nationality_id) VALUES
(1, 'AF', 'AFGHANISTAN', 'Afghanistan', 'AFG', 4, 93,1),
(2, 'AL', 'ALBANIA', 'Albania', 'ALB', 8, 355,2),
(3, 'DZ', 'ALGERIA', 'Algeria', 'DZA', 12, 213,3),
(4, 'AS', 'AMERICAN SAMOA', 'American Samoa', 'ASM', 16, 1684,4),
(5, 'AD', 'ANDORRA', 'Andorra', 'AND', 20, 376,5),
(6, 'AO', 'ANGOLA', 'Angola', 'AGO', 24, 244,6),
(7, 'AI', 'ANGUILLA', 'Anguilla', 'AIA', 660, 1264,7),
(8, 'AQ', 'ANTARCTICA', 'Antarctica', NULL, NULL, 0,8),
(9, 'AG', 'ANTIGUA AND BARBUDA', 'Antigua and Barbuda', 'ATG', 28, 1268, 9),
(10, 'AR', 'ARGENTINA', 'Argentina', 'ARG', 32, 54,10),
(11, 'AM', 'ARMENIA', 'Armenia', 'ARM', 51, 374,11),
(12, 'AW', 'ARUBA', 'Aruba', 'ABW', 533, 297,12),
(13, 'AU', 'AUSTRALIA', 'Australia', 'AUS', 36, 61,13),
(14, 'AT', 'AUSTRIA', 'Austria', 'AUT', 40, 43,14),
(15, 'AZ', 'AZERBAIJAN', 'Azerbaijan', 'AZE', 31, 994,15),
(16, 'BS', 'BAHAMAS', 'Bahamas', 'BHS', 44, 1242,16),
(17, 'BH', 'BAHRAIN', 'Bahrain', 'BHR', 48, 973,17),
(18, 'BD', 'BANGLADESH', 'Bangladesh', 'BGD', 50, 880,18),
(19, 'BB', 'BARBADOS', 'Barbados', 'BRB', 52, 1246,19),
(20, 'BY', 'BELARUS', 'Belarus', 'BLR', 112, 375,20),
(21, 'BE', 'BELGIUM', 'Belgium', 'BEL', 56, 32,21),
(22, 'BZ', 'BELIZE', 'Belize', 'BLZ', 84, 501,22),
(23, 'BJ', 'BENIN', 'Benin', 'BEN', 204, 229,23),
(24, 'BM', 'BERMUDA', 'Bermuda', 'BMU', 60, 1441,24),
(25, 'BT', 'BHUTAN', 'Bhutan', 'BTN', 64, 975,25),
(26, 'BO', 'BOLIVIA', 'Bolivia', 'BOL', 68, 591,26),
(27, 'BA', 'BOSNIA AND HERZEGOVINA', 'Bosnia and Herzegovina', 'BIH', 70, 387,27),
(28, 'BW', 'BOTSWANA', 'Botswana', 'BWA', 72, 267, 28),
(29, 'BV', 'BOUVET ISLAND', 'Bouvet Island', NULL, NULL, 0,29),
(30, 'BR', 'BRAZIL', 'Brazil', 'BRA', 76, 55,30),
(31, 'IO', 'BRITISH INDIAN OCEAN TERRITORY', 'British Indian Ocean Territory', NULL, NULL, 246,31),
(32, 'BN', 'BRUNEI DARUSSALAM', 'Brunei Darussalam', 'BRN', 96, 673,32),
(33, 'BG', 'BULGARIA', 'Bulgaria', 'BGR', 100, 359,33),
(34, 'BF', 'BURKINA FASO', 'Burkina Faso', 'BFA', 854, 226,34),
(35, 'BI', 'BURUNDI', 'Burundi', 'BDI', 108, 257,35),
(36, 'KH', 'CAMBODIA', 'Cambodia', 'KHM', 116, 855,36),
(37, 'CM', 'CAMEROON', 'Cameroon', 'CMR', 120, 237,37),
(38, 'CA', 'CANADA', 'Canada', 'CAN', 124, 1,38),
(39, 'CV', 'CAPE VERDE', 'Cape Verde', 'CPV', 132, 238,39),
(40, 'KY', 'CAYMAN ISLANDS', 'Cayman Islands', 'CYM', 136, 1345,40),
(41, 'CF', 'CENTRAL AFRICAN REPUBLIC', 'Central African Republic', 'CAF', 140, 236,41),
(42, 'TD', 'CHAD', 'Chad', 'TCD', 148, 235,42),
(43, 'CL', 'CHILE', 'Chile', 'CHL', 152, 56,43),
(44, 'CN', 'CHINA', 'China', 'CHN', 156, 86,44),
(45, 'CX', 'CHRISTMAS ISLAND', 'Christmas Island', NULL, NULL, 61,45),
(46, 'CC', 'COCOS (KEELING) ISLANDS', 'Cocos (Keeling) Islands', NULL, NULL, 672,46),
(47, 'CO', 'COLOMBIA', 'Colombia', 'COL', 170, 57,47),
(48, 'KM', 'COMOROS', 'Comoros', 'COM', 174, 269,48),
(49, 'CG', 'CONGO', 'Congo', 'COG', 178, 242,49),
(50, 'CD', 'CONGO, THE DEMOCRATIC REPUBLIC OF THE', 'Congo, the Democratic Republic of the', 'COD', 180, 242, 50),
(51, 'CK', 'COOK ISLANDS', 'Cook Islands', 'COK', 184, 682,51),
(52, 'CR', 'COSTA RICA', 'Costa Rica', 'CRI', 188, 506,52),
(53, 'CI', 'COTE D''IVOIRE', 'Cote D''Ivoire', 'CIV', 384, 225,53),
(54, 'HR', 'CROATIA', 'Croatia', 'HRV', 191, 385,54),
(55, 'CU', 'CUBA', 'Cuba', 'CUB', 192, 53,55),
(56, 'CY', 'CYPRUS', 'Cyprus', 'CYP', 196, 357,56),
(57, 'CZ', 'CZECH REPUBLIC', 'Czech Republic', 'CZE', 203, 420,57),
(58, 'DK', 'DENMARK', 'Denmark', 'DNK', 208, 45,58),
(59, 'DJ', 'DJIBOUTI', 'Djibouti', 'DJI', 262, 253,59),
(60, 'DM', 'DOMINICA', 'Dominica', 'DMA', 212, 1767,60),
(61, 'DO', 'DOMINICAN REPUBLIC', 'Dominican Republic', 'DOM', 214, 1809,61),
(62, 'EC', 'ECUADOR', 'Ecuador', 'ECU', 218, 593,62),
(63, 'EG', 'EGYPT', 'Egypt', 'EGY', 818, 20,63),
(64, 'SV', 'EL SALVADOR', 'El Salvador', 'SLV', 222, 503,64),
(65, 'GQ', 'EQUATORIAL GUINEA', 'Equatorial Guinea', 'GNQ', 226, 240,65),
(66, 'ER', 'ERITREA', 'Eritrea', 'ERI', 232, 291,66),
(67, 'EE', 'ESTONIA', 'Estonia', 'EST', 233, 372,67),
(68, 'ET', 'ETHIOPIA', 'Ethiopia', 'ETH', 231, 251,68),
(69, 'FK', 'FALKLAND ISLANDS (MALVINAS)', 'Falkland Islands (Malvinas)', 'FLK', 238, 500,69),
(70, 'FO', 'FAROE ISLANDS', 'Faroe Islands', 'FRO', 234, 298,70),
(71, 'FJ', 'FIJI', 'Fiji', 'FJI', 242, 679,71),
(72, 'FI', 'FINLAND', 'Finland', 'FIN', 246, 358,72),
(73, 'FR', 'FRANCE', 'France', 'FRA', 250, 33,73),
(74, 'GF', 'FRENCH GUIANA', 'French Guiana', 'GUF', 254, 594,74),
(75, 'PF', 'FRENCH POLYNESIA', 'French Polynesia', 'PYF', 258, 689,75),
(76, 'TF', 'FRENCH SOUTHERN TERRITORIES', 'French Southern Territories', NULL, NULL, 0,76),
(77, 'GA', 'GABON', 'Gabon', 'GAB', 266, 241,77),
(78, 'GM', 'GAMBIA', 'Gambia', 'GMB', 270, 220,78),
(79, 'GE', 'GEORGIA', 'Georgia', 'GEO', 268, 995,79),
(80, 'DE', 'GERMANY', 'Germany', 'DEU', 276, 49,80),
(81, 'GH', 'GHANA', 'Ghana', 'GHA', 288, 233,81),
(82, 'GI', 'GIBRALTAR', 'Gibraltar', 'GIB', 292, 350,82),
(83, 'GR', 'GREECE', 'Greece', 'GRC', 300, 30,83),
(84, 'GL', 'GREENLAND', 'Greenland', 'GRL', 304, 299,84),
(85, 'GD', 'GRENADA', 'Grenada', 'GRD', 308, 1473,85),
(86, 'GP', 'GUADELOUPE', 'Guadeloupe', 'GLP', 312, 590,86),
(87, 'GU', 'GUAM', 'Guam', 'GUM', 316, 1671,87),
(88, 'GT', 'GUATEMALA', 'Guatemala', 'GTM', 320, 502,88),
(89, 'GN', 'GUINEA', 'Guinea', 'GIN', 324, 224,89),
(90, 'GW', 'GUINEA-BISSAU', 'Guinea-Bissau', 'GNB', 624, 245,90),
(91, 'GY', 'GUYANA', 'Guyana', 'GUY', 328, 592,91),
(92, 'HT', 'HAITI', 'Haiti', 'HTI', 332, 509,92),
(93, 'HM', 'HEARD ISLAND AND MCDONALD ISLANDS', 'Heard Island and Mcdonald Islands', NULL, NULL, 0,93),
(94, 'VA', 'HOLY SEE (VATICAN CITY STATE)', 'Holy See (Vatican City State)', 'VAT', 336, 39,94),
(95, 'HN', 'HONDURAS', 'Honduras', 'HND', 340, 504,95),
(96, 'HK', 'HONG KONG', 'Hong Kong', 'HKG', 344, 852,96),
(97, 'HU', 'HUNGARY', 'Hungary', 'HUN', 348, 36,97),
(98, 'IS', 'ICELAND', 'Iceland', 'ISL', 352, 354,98),
(99, 'IN', 'INDIA', 'India', 'IND', 356, 91,99),
(100, 'ID', 'INDONESIA', 'Indonesia', 'IDN', 360, 62,100),
(101, 'IR', 'IRAN, ISLAMIC REPUBLIC OF', 'Iran, Islamic Republic of', 'IRN', 364, 98, 101),
(102, 'IQ', 'IRAQ', 'Iraq', 'IRQ', 368, 964,102),
(103, 'IE', 'IRELAND', 'Ireland', 'IRL', 372, 353,103),
(104, 'IL', 'ISRAEL', 'Israel', 'ISR', 376, 972,104),
(105, 'IT', 'ITALY', 'Italy', 'ITA', 380, 39,105),
(106, 'JM', 'JAMAICA', 'Jamaica', 'JAM', 388, 1876,106),
(107, 'JP', 'JAPAN', 'Japan', 'JPN', 392, 81,107),
(108, 'JO', 'JORDAN', 'Jordan', 'JOR', 400, 962,108),
(109, 'KZ', 'KAZAKHSTAN', 'Kazakhstan', 'KAZ', 398, 7,109),
(110, 'KE', 'KENYA', 'Kenya', 'KEN', 404, 254,110),
(111, 'KI', 'KIRIBATI', 'Kiribati', 'KIR', 296, 686,111),
(112, 'KP', 'KOREA, DEMOCRATIC PEOPLE''S REPUBLIC OF', 'Korea, Democratic People''s Republic of', 'PRK', 408, 850, 112),
(113, 'KR', 'KOREA, REPUBLIC OF', 'Korea, Republic of', 'KOR', 410, 82, NULL),(114, 'KW', 'KUWAIT', 'Kuwait', 'KWT', 414, 965,114),
(115, 'KG', 'KYRGYZSTAN', 'Kyrgyzstan', 'KGZ', 417, 996,115),
(116, 'LA', 'LAO PEOPLE''S DEMOCRATIC REPUBLIC', 'Lao People''s Democratic Republic', 'LAO', 418, 856,116),
(117, 'LV', 'LATVIA', 'Latvia', 'LVA', 428, 371,117),
(118, 'LB', 'LEBANON', 'Lebanon', 'LBN', 422, 961,118),
(119, 'LS', 'LESOTHO', 'Lesotho', 'LSO', 426, 266,119),
(120, 'LR', 'LIBERIA', 'Liberia', 'LBR', 430, 231,120),
(121, 'LY', 'LIBYAN ARAB JAMAHIRIYA', 'Libyan Arab Jamahiriya', 'LBY', 434, 218,121),
(122, 'LI', 'LIECHTENSTEIN', 'Liechtenstein', 'LIE', 438, 423,122),
(123, 'LT', 'LITHUANIA', 'Lithuania', 'LTU', 440, 370,123),
(124, 'LU', 'LUXEMBOURG', 'Luxembourg', 'LUX', 442, 352,124),
(125, 'MO', 'MACAO', 'Macao', 'MAC', 446, 853,125),
(126, 'MK', 'MACEDONIA, THE FORMER YUGOSLAV REPUBLIC OF', 'Macedonia, the Former Yugoslav Republic of', 'MKD', 807, 389, 126),
(127, 'MG', 'MADAGASCAR', 'Madagascar', 'MDG', 450, 261,127),
(128, 'MW', 'MALAWI', 'Malawi', 'MWI', 454, 265,128),
(129, 'MY', 'MALAYSIA', 'Malaysia', 'MYS', 458, 60,129),
(130, 'MV', 'MALDIVES', 'Maldives', 'MDV', 462, 960,130),
(131, 'ML', 'MALI', 'Mali', 'MLI', 466, 223,131),
(132, 'MT', 'MALTA', 'Malta', 'MLT', 470, 356,132),
(133, 'MH', 'MARSHALL ISLANDS', 'Marshall Islands', 'MHL', 584, 692,133),
(134, 'MQ', 'MARTINIQUE', 'Martinique', 'MTQ', 474, 596,134),
(135, 'MR', 'MAURITANIA', 'Mauritania', 'MRT', 478, 222,135),
(136, 'MU', 'MAURITIUS', 'Mauritius', 'MUS', 480, 230,136),
(137, 'YT', 'MAYOTTE', 'Mayotte', NULL, NULL, 269,137),
(138, 'MX', 'MEXICO', 'Mexico', 'MEX', 484, 52,138),
(139, 'FM', 'MICRONESIA, FEDERATED STATES OF', 'Micronesia, Federated States of', 'FSM', 583, 691, 139),
(140, 'MD', 'MOLDOVA, REPUBLIC OF', 'Moldova, Republic of', 'MDA', 498, 373, 140),
(141, 'MC', 'MONACO', 'Monaco', 'MCO', 492, 377,141),
(142, 'MN', 'MONGOLIA', 'Mongolia', 'MNG', 496, 976,142),
(143, 'MS', 'MONTSERRAT', 'Montserrat', 'MSR', 500, 1664,143),
(144, 'MA', 'MOROCCO', 'Morocco', 'MAR', 504, 212,144),
(145, 'MZ', 'MOZAMBIQUE', 'Mozambique', 'MOZ', 508, 258,145),
(146, 'MM', 'MYANMAR', 'Myanmar', 'MMR', 104, 95,146),
(147, 'NA', 'NAMIBIA', 'Namibia', 'NAM', 516, 264,147),
(148, 'NR', 'NAURU', 'Nauru', 'NRU', 520, 674,148),
(149, 'NP', 'NEPAL', 'Nepal', 'NPL', 524, 977,149),
(150, 'NL', 'NETHERLANDS', 'Netherlands', 'NLD', 528, 31,150),
(151, 'AN', 'NETHERLANDS ANTILLES', 'Netherlands Antilles', 'ANT', 530, 599,151),
(152, 'NC', 'NEW CALEDONIA', 'New Caledonia', 'NCL', 540, 687,152),
(153, 'NZ', 'NEW ZEALAND', 'New Zealand', 'NZL', 554, 64,153),
(154, 'NI', 'NICARAGUA', 'Nicaragua', 'NIC', 558, 505,154),
(155, 'NE', 'NIGER', 'Niger', 'NER', 562, 227,155),
(156, 'NG', 'NIGERIA', 'Nigeria', 'NGA', 566, 234,156),
(157, 'NU', 'NIUE', 'Niue', 'NIU', 570, 683,157),
(158, 'NF', 'NORFOLK ISLAND', 'Norfolk Island', 'NFK', 574, 672,158),
(159, 'MP', 'NORTHERN MARIANA ISLANDS', 'Northern Mariana Islands', 'MNP', 580, 1670,159),
(160, 'NO', 'NORWAY', 'Norway', 'NOR', 578, 47,160),
(161, 'OM', 'OMAN', 'Oman', 'OMN', 512, 968,161),
(162, 'PK', 'PAKISTAN', 'Pakistan', 'PAK', 586, 92,162),
(163, 'PW', 'PALAU', 'Palau', 'PLW', 585, 680,163),
(164, 'PS', 'PALESTINIAN TERRITORY, OCCUPIED', 'Palestinian Territory, Occupied', NULL, NULL, 970, 164),
(165, 'PA', 'PANAMA', 'Panama', 'PAN', 591, 507,165),
(166, 'PG', 'PAPUA NEW GUINEA', 'Papua New Guinea', 'PNG', 598, 675,166),
(167, 'PY', 'PARAGUAY', 'Paraguay', 'PRY', 600, 595,167),
(168, 'PE', 'PERU', 'Peru', 'PER', 604, 51,168),
(169, 'PH', 'PHILIPPINES', 'Philippines', 'PHL', 608, 63,169),
(170, 'PN', 'PITCAIRN', 'Pitcairn', 'PCN', 612, 0,170),
(171, 'PL', 'POLAND', 'Poland', 'POL', 616, 48,171),
(172, 'PT', 'PORTUGAL', 'Portugal', 'PRT', 620, 351,172),
(173, 'PR', 'PUERTO RICO', 'Puerto Rico', 'PRI', 630, 1787,173),
(174, 'QA', 'QATAR', 'Qatar', 'QAT', 634, 974,174),
(175, 'RE', 'REUNION', 'Reunion', 'REU', 638, 262,175),
(176, 'RO', 'ROMANIA', 'Romania', 'ROM', 642, 40,176),
(177, 'RU', 'RUSSIAN FEDERATION', 'Russian Federation', 'RUS', 643, 70,177),
(178, 'RW', 'RWANDA', 'Rwanda', 'RWA', 646, 250,178),
(179, 'SH', 'SAINT HELENA', 'Saint Helena', 'SHN', 654, 290,179),
(180, 'KN', 'SAINT KITTS AND NEVIS', 'Saint Kitts and Nevis', 'KNA', 659, 1869,180),
(181, 'LC', 'SAINT LUCIA', 'Saint Lucia', 'LCA', 662, 1758,181),
(182, 'PM', 'SAINT PIERRE AND MIQUELON', 'Saint Pierre and Miquelon', 'SPM', 666, 508,182),
(183, 'VC', 'SAINT VINCENT AND THE GRENADINES', 'Saint Vincent and the Grenadines', 'VCT', 670, 1784,183),
(184, 'WS', 'SAMOA', 'Samoa', 'WSM', 882, 684,184),
(185, 'SM', 'SAN MARINO', 'San Marino', 'SMR', 674, 378,185),
(186, 'ST', 'SAO TOME AND PRINCIPE', 'Sao Tome and Principe', 'STP', 678, 239,186),
(187, 'SA', 'SAUDI ARABIA', 'Saudi Arabia', 'SAU', 682, 966,187),
(188, 'SN', 'SENEGAL', 'Senegal', 'SEN', 686, 221,188),
(189, 'CS', 'SERBIA AND MONTENEGRO', 'Serbia and Montenegro', NULL, NULL, 381,189),
(190, 'SC', 'SEYCHELLES', 'Seychelles', 'SYC', 690, 248,190),
(191, 'SL', 'SIERRA LEONE', 'Sierra Leone', 'SLE', 694, 232,191),
(192, 'SG', 'SINGAPORE', 'Singapore', 'SGP', 702, 65,192),
(193, 'SK', 'SLOVAKIA', 'Slovakia', 'SVK', 703, 421,193),
(194, 'SI', 'SLOVENIA', 'Slovenia', 'SVN', 705, 386,194),
(195, 'SB', 'SOLOMON ISLANDS', 'Solomon Islands', 'SLB', 90, 677,195),
(196, 'SO', 'SOMALIA', 'Somalia', 'SOM', 706, 252,196),
(197, 'ZA', 'SOUTH AFRICA', 'South Africa', 'ZAF', 710, 27,197),
(198, 'GS', 'SOUTH GEORGIA AND THE SOUTH SANDWICH ISLANDS', 'South Georgia and the South Sandwich Islands', NULL, NULL, 0,198),
(199, 'ES', 'SPAIN', 'Spain', 'ESP', 724, 34,199),
(200, 'LK', 'SRI LANKA', 'Sri Lanka', 'LKA', 144, 94,200),
(201, 'SD', 'SUDAN', 'Sudan', 'SDN', 736, 249,201),
(202, 'SR', 'SURINAME', 'Suriname', 'SUR', 740, 597,202),
(203, 'SJ', 'SVALBARD AND JAN MAYEN', 'Svalbard and Jan Mayen', 'SJM', 744, 47,203),
(204, 'SZ', 'SWAZILAND', 'Swaziland', 'SWZ', 748, 268,204),
(205, 'SE', 'SWEDEN', 'Sweden', 'SWE', 752, 46,205),
(206, 'CH', 'SWITZERLAND', 'Switzerland', 'CHE', 756, 41,206),
(207, 'SY', 'SYRIAN ARAB REPUBLIC', 'Syrian Arab Republic', 'SYR', 760, 963,207),
(208, 'TW', 'TAIWAN, PROVINCE OF CHINA', 'Taiwan, Province of China', 'TWN', 158, 886, 208),
(209, 'TJ', 'TAJIKISTAN', 'Tajikistan', 'TJK', 762, 992,209),
(210, 'TZ', 'TANZANIA, UNITED REPUBLIC OF', 'Tanzania, United Republic of', 'TZA', 834, 255, 210),
(211, 'TH', 'THAILAND', 'Thailand', 'THA', 764, 66,211),
(212, 'TL', 'TIMOR-LESTE', 'Timor-Leste', NULL, NULL, 670,212),
(213, 'TG', 'TOGO', 'Togo', 'TGO', 768, 228,213),
(214, 'TK', 'TOKELAU', 'Tokelau', 'TKL', 772, 690,214),
(215, 'TO', 'TONGA', 'Tonga', 'TON', 776, 676,215),
(216, 'TT', 'TRINIDAD AND TOBAGO', 'Trinidad and Tobago', 'TTO', 780, 1868,216),
(217, 'TN', 'TUNISIA', 'Tunisia', 'TUN', 788, 216,217),
(218, 'TR', 'TURKEY', 'Turkey', 'TUR', 792, 90,218),
(219, 'TM', 'TURKMENISTAN', 'Turkmenistan', 'TKM', 795, 7370,219),
(220, 'TC', 'TURKS AND CAICOS ISLANDS', 'Turks and Caicos Islands', 'TCA', 796, 1649,220),
(221, 'TV', 'TUVALU', 'Tuvalu', 'TUV', 798, 688,221),
(222, 'UG', 'UGANDA', 'Uganda', 'UGA', 800, 256,222),
(223, 'UA', 'UKRAINE', 'Ukraine', 'UKR', 804, 380,223),
(224, 'AE', 'UNITED ARAB EMIRATES', 'United Arab Emirates', 'ARE', 784, 971,224),
(225, 'GB', 'UNITED KINGDOM', 'United Kingdom', 'GBR', 826, 44,225),
(226, 'US', 'UNITED STATES', 'United States', 'USA', 840, 1,226),
(227, 'UM', 'UNITED STATES MINOR OUTLYING ISLANDS', 'United States Minor Outlying Islands', NULL, NULL, 1,227),
(228, 'UY', 'URUGUAY', 'Uruguay', 'URY', 858, 598,228),
(229, 'UZ', 'UZBEKISTAN', 'Uzbekistan', 'UZB', 860, 998,229),
(230, 'VU', 'VANUATU', 'Vanuatu', 'VUT', 548, 678,230),
(231, 'VE', 'VENEZUELA', 'Venezuela', 'VEN', 862, 58,231),
(232, 'VN', 'VIETNAM', 'Vietnam', 'VNM', 704, 84,232),
(233, 'VG', 'VIRGIN ISLANDS, BRITISH', 'Virgin Islands, British', 'VGB', 92, 1284, 233),
(234, 'VI', 'VIRGIN ISLANDS, U.S.', 'Virgin Islands, U.s.', 'VIR', 850, 1340, 234),
(235, 'WF', 'WALLIS AND FUTUNA', 'Wallis and Futuna', 'WLF', 876, 681,235),
(236, 'EH', 'WESTERN SAHARA', 'Western Sahara', 'ESH', 732, 212,236),
(237, 'YE', 'YEMEN', 'Yemen', 'YEM', 887, 967,237),
(238, 'ZM', 'ZAMBIA', 'Zambia', 'ZMB', 894, 260,238),
(239, 'ZW', 'ZIMBABWE', 'Zimbabwe', 'ZWE', 716, 263,239);






INSERT INTO industry(id,industry_name)VALUES
(1,'Accounting / Auditing / Taxation'),
(2,'Admin / Secretarial'),
(3,'Advertising / Media'),
(4,'Aerospace Engineering'),
(5,'Architecture / InteriorDesign'),
(6,'Automotive'),
(7,'Banking and Finance'),
(8,'Biotechnology'),
(9,'Building and Construction'),
(10,'Chemicals'),
(11,'Consulting'),
(12,'Consumer Business'),
(13,'Customer Service'),
(14,'Defence'),
(15,'Design'),
(16,'Education and Training'),
(17,'Electronics'),
(18,'Energy'),
(19,'Engineering'),
(20,'Entertainment / Media / Broadcasting'),
(21,'Environment / Health'),
(22,'Events / Promotions'),
(23,'F&B'),
(24,'General Management'),
(25,'General Work'),
(26,'Healthcare / Pharmaceutical'),
(27,'Hospitality'),
(28,'Human Resources'),
(29,'Infocomm Products'),
(30,'Infocomm Services'),
(31,'Information Technology'),
(32,'Insurance'),
(33,'International Non-Profit Organizations'),
(34,'Legal'),
(35,'Logistics / Supply Chain'),
(36,'Manufacturing'),
(37,'Marketing / Public Relations'),
(38,'Medical / Therapy Services'),
(39,'Medical Technology'),
(40,'Natural Resources'),
(41,'Oil and Gas'),
(42,'Personal Care / Beauty'),
(43,'Professional Services'),
(44,'Public / Civil Service'),
(45,'Purchasing / Merchandising'),
(46,'RealEstate / Property Management'),
(47,'Repair and Maintenance'),
(48,'Risk Management'),
(49,'Sales / Retail'),
(50,'Sciences / Laboratory / R&D'),
(51,'Security and Investigation'),
(52,'Social Services'),
(53,'Space'),
(54,'Sports'),
(55,'Telecommunications'),
(56,'Travel / Tourism'),
(57,'Others');


INSERT INTO gender(
	id, gender)
	VALUES (1, 'Male'),
    (2, 'Female');

INSERT INTO marital_status(
	id, status)
	VALUES (1, 'Married'),
    		(2,'Single');

INSERT into employment_type(id,employment_type,employment_type_cost) values (1,'Permanent',50),(2,'Contract',25);

INSERT INTO job_category (id, job_category) VALUES
(1,'Accounting'),
(2,'General Business'),
(3,'Admin & Clerical'),
(4,'General Labor'),
(5,'Pharmaceutical'),
(6,'Automotive'),
(7,'Government'),
(8,'Professional Services'),
(9,'Banking'),
(10,'Grocery'),
(11,'Purchasing - Procurement'),
(12,'Biotech'),
(13,'Health Care'),
(14,'QA - Quality Control'),
(15,'Broadcast - Journalism'),
(16,'Hotel - Hospitality'),
(17,'Real Estate'),
(18,'Business Development'),
(19,'Human Resources'),
(20,'Research'),
(21,'Construction'),
(22,'Information Technology'),
(23,'Restaurant - Food Service'),
(24,'Consultant'),
(25,'Installation - Maint - Repair'),
(26,'Retail'),
(27,'Customer Service'),
(28,'Insurance'),
(29,'Sales'),
(30,'Design'),
(31,'Inventory'),
(32,'Science'),
(33,'Distribution - Shipping'),
(34,'Legal'),
(35,'Skilled Labor - Trades'),
(36,'Education - Teaching'),
(37,'Legal Admin'),
(38,'Strategy - Planning'),
(39,'Engineering'),
(40,'Management'),
(41,'Supply Chain'),
(42,'Entry Level - New Grad'),
(43,'Manufacturing'),
(44,'Telecommunications'),
(45,'Executive'),
(46,'Marketing'),
(47,'Training'),
(48,'Facilities'),
(49,'Media - Journalism - Newspaper'),
(50,'Transportation'),
(51,'Finance'),
(52,'Nonprofit - Social Services'),
(53,'Warehouse'),
(54,'Franchise'),
(55,'Nurse'),
(56,'Other'),
(57,'Oilfield Services'),
(58,'Drilling/Rig'),
(59,'Health, Safety & Env');


INSERT INTO job_type (id,job_type,job_type_cost) VALUES
(1,'Full Time',50),
(2,'Part Time',30),
(3,'Internship',20),
(4,'Summer Job',10);

INSERT INTO qualification (id, qualification) VALUES
(1, 'Doctorate'),
(2, 'Master'),
(3, 'Postgraduate Diploma or equivalent'),
(4, 'WSQ Graduate Certificate'),
(5, 'WSQ Graduate Diploma'),
(6, 'Bachelor Degree'),
(7, 'Polytechnic Diploma'),
(8, 'ITE Diploma, WSQ Diploma, Career Readiness Certificate (Managerial Level) or equivalent'),
(9, 'Professional Certifications'),
(10, 'GCE ''''A'''' Level'),
(11, 'Higher Nitec'),
(12, 'Nitec, Certificate in Office Skills, NTC Grade 2 or equivalent'),
(13, 'WSQ Advanced Certificate, Career Readiness Certificate (Supervisory Level)'),
(14, 'WSQ Higher Certificate'),
(15, 'WSQ Certificate, Career Readiness Certificate (Operations Level)'),
(16, 'GCE ''O'' Level'),
(17, 'Nitec (Intermediate)  /  Certificate of Vocational Training  /  NTC Grade 3 or equivalent'),
(18, 'ISC, CoC or equivalent'),
(19, 'ESS WPLN 5 and above'),
(20, 'GCE ''N'' Level'),
(21, 'Secondary Education'),
(22, 'Basic Vocational Certificate'),
(23, 'WISE 1-3'),
(24, 'ESS WPLN 3-4'),
(25, 'PSLE  /  PSPE'),
(26, 'Primary Education'),
(27, 'ESS WPLN 1-2'),
(28, 'BEST'),
(29, 'Other'),
(30, 'No Formal Qualification');

INSERT into visa_type(id,visa,country_id) values (1,'Student Pass',192),(2,'Employment Pass',192),(3,'Dependents Pass',192),(4,'Long Term Visit Pass',192),(5,'Singaporean and Singaporean PR',192);

INSERT INTO language (id,language) VALUES
  ( 1,'English'),
  ( 2,'Malay'),
  ( 3,'Tamil'),
  ( 4,'Mandarin'),
  ( 5,'Japanese'),
  ( 6,'Korean'),
  ( 7,'Chinese'),
  ( 8,'Spanish'),
  ( 9,'German');



insert into filter (id,filter_name,filter_cost,comments) 
values 
(1,'gradDate',5,''),
(2,'score',20,''),
(3,'quali',20,''),
(4,'course',20,''),
(5,'gender',5,''),
(6,'languages',5,''),
(7,'colleges',0,''),
(8,'universities',0,''),
(9,'disc',10,'This is a percentage value');

insert into app_config (id,config_name,config_value) 
values 
(1,'Busin',true);
